id	entry	ipa	pos	definition	example_sent	scientific_name	wiki_link	pic_link	comment
1	akapti		X	breu					
2	amenko		X	onça		Panthera onca			
3	amãyã		X	caranguejo					
4	andole		X	peixe pintado		Pseudoplatystoma sp.			
5	aonda		X	bicho-preguiça					
6	aowa keten		X	obrigado					
7	apetira		V	assar					
8	apikup		X	chifre					
9	apixep		X	orelha					
10	apkenren		X	balaio					
11	apãrã		V	enrolar					
12	arao		X	castanha-do-Pará		Bertholletia excelsa			Exemplo da letra «A» no abecedário Makurap.
13	arawu		X	amendoim		Arachis hypogaea			
14	arembo		X	macaco-preto		Sapajus apella			
15	arembunyenxoay		X	remédio de panema					
16	arikop		X	o que					
17	arikop kitoare		X	quem					
18	arãpiyã		V	mulher	ira nãwixet arãpiyã = a mulher faz esteira				
19	arãpiyã mepiret		X	filha de mulher					
20	arãpiyãkepxep		X	planta amansa mulher; remédio para engravidar					
21	atax		X	paca		Cuniculus paca			
22	ateii		X	bonito					
23	ating		X	minhoca					
24	atintekae		X	acessório para segurar o cabelo					
25	atinxato		X	minhoca grande (mulher do arco-íris)					
26	atiti		X	milho					
27	atopa		X	pote maior em que se coloca chicha; também pode ser usado como caixão					
28	atu		X	bonito					
29	atum		X	cabelo					Exemplo da letra «Ũ» no abecedário Makurap.
30	aut		X	verde (não maduro)					
31	awa		X	pai					
32	awagom		X	preguiçoso					Exemplo da letra «G» no abecedário Makurap.
33	awagora		V	chegar					
34	awato		X	vovô					
35	awato beyu		X	nome de deus					
36	awato bukyet		X	ponte de deus					
37	axaupe		X	chapéu					
38	axexi ngab		X	roupa.branca					
39	axexu		X	roupa					
40	eambana		X	pena/cabeludo					
41	ek		X	casa					
42	ekara		V	descer/cair					
43	ekitenya		X	pessoas					
44	ekup		X	flecha; taquara	ekup nãwixet = ele está fazendo taquara				
45	ekup nawixet		X	ele está fazendo taquara					
46	en		PRON	você					
47	en bo na em		X	bom dia					
48	enrin		X	rede					
49	eo		V	remar					
50	epuy		X	tipoia					
51	ere		X	não-indígena; homem não indígena					Exemplo da letra «E» no abecedário Makurap.
52	erekut		NUM	um					
53	erete		X	com					
54	erexewut		X	cachaça					
55	ereypet		X	mulher não indígena					
56	erẽy		X	pintado/manchado					Exemplo da letra «Ẽ» no abecedário Makurap.
57	ewukã kãrã		X	levantar pescoço para cantar					
58	exi parãna		X	corda do marico					
59	gitak		X	escuro/noite					
60	iko		X	urucum		Bixa orellana			Exemplo da letra «I» no abecedário Makurap.
61	imim		X	menino					
62	ingeynga		V	rasgar (buriti)					
63	ira		X	cofo; esteira	ira nãwixet arãpiyã = a mulher faz esteira				
64	ira nãwixet arãpiyã		X	a mulher está fazendo esteira					
65	iwukup		X	pote de pupunha usado para fazer fio de algodão					
66	iãpe		X	esteira					
67	kak		X	mingau					Exemplo da letra «K» no abecedário Makurap.
68	kandaii		X	prato/pote menor em que o pajé torra rapé					
69	karipé (português)		X	casca de uma espécie árvore					
70	karoroy		X	macaco-velho		Sapajus apella			
71	kaykõm		X	comida feita com castanha verde amassada e misturada com carne					
72	kepit		X	não tem					
73	kikuyet		X	mundo					
74	kimbitik		X	remédio para cólica					
75	kito		X	homem					
76	kito taget		X	filha de homem					
77	komboi		X	arco					
78	konga		V	pintar					
79	korinde		X	najá					
80	kunga		X	colocar.cabo					
81	kup ape		X	casca de árvore					
82	kupna		V	andar					
83	kupnye		X	buraco					
84	kuya		V	lixar					
85	kuya mãtote mõ		X	ele passou a cera na corda					
86	kuyato		V	esfregar/girar (para furar o tucumã)					
87	kuyka		X	lama/barro comum					
88	kãrang		X	comprido					
89	liin		X	beija-flor					
90	mamõap yãpet		X	banco do pajé					
91	manywu		X	chicha de mandioca					
92	mbalera		X	tucunaré					
93	mbayi		X	chicha					
94	mbeku		V	cana-de-açúcar		Saccharum officinarum			Exemplo da letra «MB» no abecedário Makurap.
95	mbioxayi		X	pium					
96	mbiwa		X	medroso					
97	mbo		X	mão					
98	mboalipet		X	patroa/mulher do cacique					
99	mbokowot		X	aranha					Exemplo da letra «O» no abecedário Makurap.
100	mbonẽarao / mborikõ		X	pulseira					
101	mborexap		X	vagalume					
102	mboro		X	cavalo/burro					
103	mboterimã		X	está trovejando					
104	mboxato		X	arco-íris					
105	merowã		X	mosca					Exemplo da letra «Ã» no abecedário Makurap.
106	ming		X	saúva					
107	mingpet		X	caminho da saúva (ponto de costura)					
108	mintõ		X	mutum					
109	mitõ		X	mutum		Mitu tuberosum			Exemplo da letra «M» no abecedário Makurap.
110	monerao		X	anel de coco					
111	mopakara		V	derrubar					
112	motiwã		V	pescar					
113	moye		X	fala					
114	mãtote		X	breu					
115	nakowutnya		X	rapazes					
116	ndenga		V	cortar					
117	nderewa		X	machucar chicha (socar macaxeira para fazer chicha)					
118	ndoa		X	serra					
119	ndogom		X	panema (caçador/pescador azarado)					
120	ndoko		X	poraquê					
121	ndua		X	batom					
122	ndunda		X	cacau					
123	ndutnda		X	cacau		Theobroma cacao			Exemplo da letra «ND» no abecedário Makurap.
124	nearao		X	pulseira de ouriço de castanha					
125	nge		X	roça					
126	nge ononinge mbixexo		X	roça do irmão					
127	ngeat		X	sol/dia					
128	ngekut		X	hoje					
129	ngete		X	mato					
130	ngeyto		X	vento					Exemplo da letra «NG» no abecedário Makurap.
131	ngixat		X	desenhar; enfeitar; pintar corpo					
132	ngot		X	gongo					
133	ngotkup		X	mamão					
134	ngowok		X	talco					
135	niraiga		V	lixar/alisar					
136	njakaret		X	cabeça dele					
137	njaliwo		V	colher					Exemplo da letra «L» no abecedário Makurap.
138	njalule		X	borboleta		Lepidoptera			Exemplo da letra «NJ» no abecedário Makurap.
139	non		X	outro					
140	nyeut		X	milho verde					
141	nãkowut		X	rapaz					Exemplo da letra «N» no abecedário Makurap.
142	nãwixet		X	fazendo	ira nãwixet arãpiyã = a mulher faz esteira				
143	nẽro		X	carrapato					
144	oaletkoa		X	está bom/obrigado					
145	oli		X	lua					
146	omuã		V	entrar					
147	on		PRON	eu	on koa poaten = eu estou bem				
148	on koa poaten		X	eu estou bem					
149	on yinkori		X	eu estou chorando					
150	ora		X	aricuri					
151	orokone		X	tucumã	arãpiyã orokone pagepa = a mulher está quebrando tucumã	Astrocaryum aculeatum			
152	ororo		X	algodão					
153	otera		X	eu saio					
154	oxat		X	fogo					
155	oxoet		X	meu pai					
156	oxãrãen		X	minha.namorada					
157	pagepa		V	quebrar	arãpiyã orokone pagepa = a mulher está quebrando tucumã				
158	paliõn		X	gavião		Rupornis magnirostris			Exemplo da letra «Õ» no abecedário Makurap.
159	paray		X	amarelo					
160	paxap		V	derramar					
161	payo		X	pato		Cairina moschata			
162	pe		X	caminho					
163	peka		V	pedir/querer					
164	pem		X	caco (de torrar milho)					
165	perowa		X	menino					
166	pitkonga		X	pintar.dentro					
167	poanga		V	ajeitar					
168	poarõ		X	não está bem/bom					
169	poatemin		X	bonitinho					
170	poaten		X	está.bom/bem	yemã poaten = agora ficou bonito				
171	poaten wixetna		X	ele fez bem					
172	pote		X	ontem					
173	potkap		X	peixe					Exemplo da letra «P» no abecedário Makurap.
174	potkap kereyet		X	costela de peixe (ponto de costura)					
175	potkawi		X	lambari					
176	puk		X	escuro/nublado					
177	pupugaet		V	abanar/abano					
178	pãriõ		X	gavião					
179	pãriõ xato		X	gavião-real		Harpia harpyja			
180	pãyãyõ		X	pico-de-jaca					
181	takri		X	onça feroz		Panthera onca			
182	tawu		X	mel					
183	tekaret		X	cabo utilizado para trançar tucum/buriti					
184	teytet		X	mesmo (é mesmo?)					
185	tiinka		V	trançar					
186	tin		X	instrumento de pesca					
187	tintinga		X	acessório em formato de flor para colocar no cabelo					
188	titi		X	vovó					Exemplo da letra «T» no abecedário Makurap.
189	tĩyale		X	carapanã					
190	toap		X	espelho					
191	torom		X	buriti					
192	tura		V	torrar					
193	tutyã kande		X	espada de pupunha					
194	tĩyale		X	carapanã					Exemplo da letra «Ĩ» no abecedário Makurap.
195	u		X	água/rio					
196	uax		X	anta		Tapirus terrestris			Exemplo da letra «U» no abecedário Makurap.
197	uekara		X	chuva					
198	ueko		X	urubu					
199	upyay		X	piranha					
200	uro		X	tatu		Dasypus novemcinctus			
201	urupa		X	gafanhoto					
202	utu		X	veado		Mazama americana			
203	waaga/popowa		X	coruja					
204	wadmoen		X	barbante					
205	waga		X	bravo					
206	wairat		X	remédio					
207	wakamõ		X	amanhã					
208	waraga		X	rápido					
209	waranã		X	samaúma					
210	watepixoep		X	resina de jatobá					
211	wato		X	jacaré		Caiman yacare			
212	wawo		X	batata					
213	wi		X	machado					
214	wirixa		X	açaí		Euterpe oleracea			
215	wiriyo		X	tatu-canastra		Priodontes maximus			
216	worapi		X	boca					Exemplo da letra «R» no abecedário Makurap.
217	wotga		V	furar (tucumã)					
218	wotkup		X	pescoço					Exemplo da letra «W» no abecedário Makurap.
219	wurup		X	vermelho					
220	xai wairat		X	remédio para ferimento					
221	xaip apatpara epuytmbe		X	carrego criança na tipoia					
222	xaip wairat		X	remédio para criança falar					
223	xambi		X	semente					Exemplo da letra «X» no abecedário Makurap.
224	xanjape		X	bochecha					
225	xaoté wairat		X	remédio					
226	xarea		X	caracol					
227	xat		X	jararaca/cobra		Viperidae			
228	xat wairat		X	tipo de remédio					
229	xato		X	grande					
230	xau		X	farinha					
231	xau wairat		X	tipo de remédio					
232	xaupyãy		X	criançada					
233	xerõpe		X	aí mesmo					
234	xet		X	nome					
235	xeu		X	sangue					
236	xewa		X	cará					
237	xewarop		X	caça					
238	xewawu		X	chicha de cará					
239	xewuka		V	beber (embriagar-se)					
240	xixakexap		X	planta para pingar no olho					
241	xop		PRON	esse/este; tabatinga, barro arroxeado					
242	xopopoyet		X	mão de pilar barro					
243	xotẽwixet		X	assim mesmo					
244	xãram		X	namorada					
245	yakawao		X	planta para azedar chicha					
246	yapat parãna		X	corda de amarrar na testa					
247	yemã kemõ		X	agora está pronto					
248	yemã poaten		X	agora ficou bonito					
249	yingekiri		X	agora					
250	yinkot		V	chorar					
251	yoa		V	lavar					
252	yopeingepa		V	descascar (tucumã)					
253	yuxem		X	língua					
254	yãkape		X	bico					
255	yãy		X	dente					
256	yõkan		X	tucano					Exemplo da letra «Y» no abecedário Makurap.
257	yõkã		X	tucano					
258	yẽmo		X	vamos	yẽmo mbambap wuwa = vamos jogar bola				
259	yẽmo mbambap wuwa		X	vamos jogar bola					
260	õrõmenxoay		X	planta para tirar panema					
261	ũen		X	pote menor usado para colocar água ou chicha (descrição lembra uma cuia)					
262	ẽrey		X	planta para queimadura, corte					
